{"Scores": [-24.95599964808207, 1.4709999646293, 1.6699999626725912, 0.9899999778717756, 0.14999999664723873, 6.081999863963574, 1.6399999633431435, 0.3399999924004078, 0.9999999776482582, 2.2399999499320984, 0.7999999821186066, 1.3799999691545963, 0.1099999975413084, 0.5099999886006117, 15.582000105525367, 2.68499994056765, 0.669999985024333, 0.6999999843537807, 4.843999892473221, 3.709999917075038, 2.1399999521672726, 2.539999943226576, 2.4299999456852674, 3.6999999172985554, 1.289999971166253, 0.4599999897181988, 2.057999953860417, 2.349999947473407, 0.7599999830126762, 0.6999999843537807, 1.4399999678134918, 2.6499999407678843, 0.8099999818950891, 2.969999933615327, 1.649999963119626, 3.009999932721257, 0.30999999307096004, 1.6099999640136957, 0.4599999897181988, 1.3599999696016312, 1.1799999736249447, 0.8399999812245369, 0.7499999832361937, 0.41999999061226845, 3.4799999222159386, 1.149999974295497, 5.22999988310039, 1.529999965801835, 1.5999999642372131, 2.0499999541789293, 0.6599999852478504, 5.9429998707491904, 2.0899999532848597, 0.3499999921768904, 1.959999956190586, 0.8099999818950891, 3.089999930933118, 4.179999906569719, 5.409999879077077, 2.1199999526143074, 6.319999858736992, 0.3299999926239252, 7.499999832361937, 7.31999983638525, 0.46999998949468136, 2.6199999414384365, 2.969999933615327, 1.939999956637621, 2.43999994546175, 0.8099999818950891, 3.849999913945794, 3.0999999307096004, 3.36999992467463, 0.3399999924004078, 0.2299999948590994, 3.129999930039048, 1.2099999729543924, 3.1899999286979437, 1.219999972730875, 1.529999965801835, 3.829999914392829, 2.079999953508377, 2.2399999499320984, 1.339999970048666, 1.0199999772012234, 1.3199999704957008, 2.229999950155616, 2.939999934285879, 0.23999999463558197, 2.779999937862158, 0.5799999870359898, 0.7199999839067459, 0.8399999812245369, 0.9499999787658453, 0.14999999664723873, 1.3999999687075615, -36.83800037391484, 1.6499999620718881], "MeanScores": [-24.95599964808207, -11.742499841726385, -7.271666573593393, -5.206249935727101, -4.134999949252233, -2.4321666470495984, -1.8504285598506354, -1.576624990819255, -1.290333327656198, -0.9372999998973682, -0.779363637895916, -0.5994166706417067, -0.5448461577045516, -0.46950000439704, 0.6006000029311205, 0.7308749990334036, 0.7272941158563995, 0.7257777752173651, 0.9425263077045154, 1.0808999881730414, 1.1313333197918145, 1.1953636208570309, 1.249043461066954, 1.3511666467432708, 1.34871997972019, 1.3145384416431904, 1.3420740532067914, 1.3780714065734563, 1.356758598864464, 1.3348666450474411, 1.3382580425560233, 1.379249976875144, 1.3619999770272635, 1.4092940933975007, 1.41617140396099, 1.4604444186487753, 1.429351326065591, 1.4341052375905412, 1.4091281799527888, 1.40789997469401, 1.4023414380825692, 1.3889523557764256, 1.37409299827549, 1.352409066283144, 1.3996888630816506, 1.3942608437602124, 1.4758723126823439, 1.4769999721223332, 1.4795101760430451, 1.4909199716057628, 1.474627422853647, 1.5605576622362536, 1.57054713942585, 1.547944414476795, 1.5554363334170458, 1.5421249699970108, 1.5692806710660654, 1.6142930716781974, 1.6786270853629242, 1.6859832998171138, 1.7619507843895708, 1.7388548038772218, 1.830301550361106, 1.9160780860802333, 1.893830730748148, 1.9048332945464856, 1.9207313040848266, 1.9210146666223675, 1.9285361924026485, 1.912557103681112, 1.9398450305862482, 1.9559582930879615, 1.975328726397368, 1.9532296894514631, 1.930253293523565, 1.946039433477716, 1.9364804794449455, 1.9525512416148558, 1.9432784407429067, 1.9381124598061432, 1.9614690950479543, 1.962914593321862, 1.9662529711123466, 1.9587975782425409, 1.9477529005832313, 1.9404534479077948, 1.943781568623287, 1.9551022318694529, 1.9358314202151397, 1.9452110704112178, 1.9302087508136878, 1.917054307695134, 1.9054730783782459, 1.8953084709355608, 1.8769368027851574, 1.8719687107635157, 1.4728968645297182, 1.4747040389944344], "TotalScore": 144.52099582145456, "NumberOfGames": 98}