{"Scores": [-30.954101947601885, -12.322901409352198, -32.96330087806564, -39.717501441482455, -16.94109969981946, -44.684900825843215, -20.745401632157154, -36.94090159027837, -7.6559017054969445, -47.34810181544162, -37.74320144858211, -35.72160106070805, -15.466701449942775, -39.098000644589774, -31.79080219916068, -35.665502290357836, -31.17060007469263, -26.01449925720226, -8.67070026055444, 5.441197133739479, -10.484801201499067, -15.119400807539932, -45.15380234993063, -29.22840068861842, -15.789099331013858, -33.39640089450404, -48.322501785936765, -5.068400728050619, -31.238400684669614, -30.76600149832666, -22.289500823128037, -5.466799329267815, -36.992502033594064, -32.95720130763948, -19.781901531503536, -28.827401881921105, -39.52860066003632, -30.10300157230813, -44.425001368741505, -10.487301208660938, -32.23280149255879, -31.301599699654616, -32.11780015937984, -33.45439902774524, -29.216599575593136, -33.031399019411765, -49.39729962835554, -37.92469923000317, -28.730999381747097], "MeanScores": [-30.954101947601885, -21.63850167847704, -25.413434745006573, -28.989451419125544, -26.57978107526433, -29.59730103369414, -28.332743976331717, -29.408763678075047, -26.991779014455258, -29.027411294553893, -29.819755854011007, -30.311576287902426, -29.169662838828607, -29.878829824954405, -30.006294649901488, -30.35999512743001, -30.407677771386634, -30.163612298376393, -29.03240640164892, -27.3087262248795, -26.507586938051862, -25.989942113937683, -26.82315342854607, -26.92337206438242, -26.47800115504768, -26.744093452719078, -27.543293761356768, -26.74061901016726, -26.89571492997769, -27.024724482255987, -26.871975331961536, -26.20306358187736, -26.53001626223241, -26.71905111650909, -26.52084684265179, -26.584917815964825, -26.93474708202081, -27.018122200186266, -27.464452435277426, -27.040023654612014, -27.166676772610717, -27.265127318492713, -27.37798017525753, -27.51608060372316, -27.55386991420916, -27.672946633887477, -28.13516691036552, -28.339115500357973, -28.347113130590404], "TotalScore": -1389.0085433989298, "NumberOfGames": 49, "MaxScore": 5.441197133739479}