{"Scores": [-57.39999970793724, -59.09999983012676, -61.60000026226044, -53.80000004172325, -47.400000140070915, -50.300000220537186, -47.399999395012856, -53.10000078380108, -61.0999998152256, -54.10000020265579, -55.39999969303608, -57.99999997019768, -51.20000097155571, -51.79999980330467, -62.19999924302101, -46.10000014305115, -47.90000006556511, -59.29999980330467, -66.3000001013279, -58.50000084191561, -51.8000001385808, -50.100000098347664, -54.5000005364418, -59.59999956935644, -50.30000013113022, -60.599999755620956, -55.60000120103359, -60.29999953508377, -53.09999956190586, -47.09999990463257, -51.39999946951866, -40.000000074505806, -52.20000025629997, -47.00000002980232, -50.500000543892384, -59.100000232458115, -54.50000013411045, -51.399999648332596, -48.000000178813934, -51.800000697374344, -48.10000014305115, -49.599999994039536, -51.69999976456165, -60.69999948143959, -51.50000002980232, -55.40000055730343, -53.400000154972076, -46.500000298023224, -43.80000030994415, -44.300000220537186, -47.299999594688416, -45.599999874830246, -44.10000026226044, -59.199999667704105, -51.50000070780516, -67.69999991357327, -49.59999983012676, -46.69999983906746, -57.899999648332596, -47.70000047981739, -52.700000554323196, -53.80000093579292, -45.50000072270632, -41.49999950826168, -59.999999448657036], "MeanScores": [-57.39999970793724, -58.249999769032, -59.36666660010815, -57.97499996051192, -55.859999996423724, -54.9333333671093, -53.85714279966695, -53.762500047683716, -54.57777779963281, -54.53000003993511, -54.609090917489745, -54.89166667188207, -54.607692387241585, -54.407142916960375, -54.92666667203108, -54.37500001396984, -53.99411766406368, -54.28888889402151, -54.92105264177448, -55.100000051781535, -54.942857198771975, -54.72272733057087, -54.713043556913085, -54.91666672409823, -54.732000060379505, -54.95769235635033, -54.98148157282008, -55.17142864290093, -55.1000000539011, -54.833333382258814, -54.72258067539623, -54.2625000316184, -54.200000038426936, -53.98823533229091, -53.888571481193814, -54.03333339095116, -54.04594600563114, -53.97631583833381, -53.823076975269196, -53.772500068321825, -53.63414641160791, -53.53809530642771, -53.49534889847733, -53.65909095718102, -53.61111115879483, -53.65000005876241, -53.64468091187325, -53.49583339908471, -53.29795925440837, -53.11800007373095, -53.00392163296541, -52.86153852223204, -52.69622647959106, -52.81666672381538, -52.792727341706104, -53.0589286376323, -52.99824567609712, -52.889655230631085, -52.974576322456535, -52.886666725079216, -52.883606623919285, -52.8983871773366, -52.78095247170755, -52.60468758165371, -52.718461610376835], "TotalScore": -3426.7000046744943, "NumberOfGames": 65, "MaxScore": -40.000000074505806}