{"Scores": [-32.61440130556002, -32.668501216801815, -6.405701214214787, -26.043001532787457, -36.16190018760972, -13.782101519871503, -31.380901357741095, -35.132400600006804, -31.593801370589063, -34.02850138559006, -10.417401007609442, -30.0268013428431, -31.218201393261552, -31.16290045599453, -32.17219842446502, -17.235899973427877, -35.56470126204658, -35.868001346010715, -29.92140068183653, -33.446900112670846], "MeanScores": [-32.61440130556002, -32.64145126118092, -23.896201245525543, -24.43290131734102, -26.77870109139476, -24.61260116280755, -25.5795011906552, -26.77361361682415, -27.30919003390914, -27.981121169077234, -26.384419336216524, -26.68795117010207, -27.036431956498955, -27.331179706462926, -27.653914287663063, -27.002788393023366, -27.50643032649532, -27.97096204980173, -28.073616714645667, -28.342280884546927], "TotalScore": -566.8456176909385, "NumberOfGames": 20, "MaxScore": -6.405701214214787}