{"Scores": [-28.840701001230627, -55.00620195816737], "MeanScores": [-28.840701001230627, -41.923451479699], "TotalScore": -83.846902959398, "NumberOfGames": 2, "MaxScore": -28.840701001230627}