{"Scores": [-30.000000447034836, -15.900000102818012, -25.200000435113907, -37.70000038295984, -8.599999316036701, -25.29999966174364, -5.600000873208046, -31.999999947845936, -31.799999348819256, -34.59999951720238, -30.50000011920929, -40.90000055730343, -33.29999998956919, -5.499999471008778, -9.599999785423279, -29.100000366568565, -8.800000868737698, -25.700000010430813, -27.599999733269215, -9.499999947845936, -32.30000042170286, -11.900001265108585, -14.100000530481339, -35.30000015348196, -39.199999928474426, 0.29999882727861404, -32.70000056922436, -34.900000512599945, -32.899999625980854, -28.799999624490738, -44.69999999552965, -33.30000004172325, -46.79999911785126, -27.500000223517418, -36.000000298023224, -36.30000054091215, -44.79999979585409, -37.900000005960464, -37.89999997615814, -37.799999967217445, -12.70000046491623, -29.499999918043613, -30.600000478327274, -42.69999921321869, -38.70000043511391, -31.600000083446503, -36.79999924451113, -6.300001069903374, -30.0, -35.99999985098839, -22.900000281631947, -37.49999999254942, -33.499999575316906, -41.90000060200691, -29.10000029206276, -45.50000035017729, -30.20000011473894, -34.700000047683716, -28.50000038743019, -35.999999828636646, -33.80000016093254, -36.39999970048666, -27.40000005811453, -8.200000576674938, -34.30000038444996, -32.29999960958958, -38.4000002220273, -29.699999541044235, -17.10000005364418, -36.44460050726775, -10.9378019166179, -43.41440142598003, -12.947400018107146, -35.84590073348954, -34.78910108457785, -39.570501110632904, -31.578401215956546, -5.962301675695926], "MeanScores": [-30.000000447034836, -22.950000274926424, -23.70000032832225, -27.20000034198165, -23.48000013679266, -23.783333390951157, -21.185714459845, -22.537500145845115, -23.566666723953354, -24.670000003278254, -25.20000001381744, -26.508333392441273, -27.030769284528034, -25.492857154990947, -24.4333333303531, -24.725000020116568, -23.788235364153106, -23.894444511168533, -24.08947373338436, -23.360000044107437, -23.785714347802458, -23.245454662225463, -22.84782622171485, -23.366666802205145, -24.000000127255916, -23.065384782850742, -23.422222404568284, -23.8321430512837, -24.144827760756016, -24.30000015621384, -24.958064667159512, -25.218750147614628, -25.87272738913695, -25.920588354854022, -26.208571553230286, -26.48888902511034, -26.983783910806114, -27.27105275541544, -27.54358986363961, -27.800000116229057, -27.431707441806793, -27.48095250076481, -27.55348850024301, -27.897727380083367, -28.13777789241738, -28.21304359222236, -28.39574477631361, -27.935416782430064, -27.97755113380904, -28.138000108152628, -28.03529422920124, -28.217307801573323, -28.3169812312666, -28.56851862702105, -28.578181930021806, -28.880357258953154, -28.903508888002026, -29.00344839075516, -28.994915373749652, -29.111666781331103, -29.188524705586865, -29.304838818407827, -29.274603282530155, -28.94531261525117, -29.027692427084997, -29.077272838941127, -29.216418023763307, -29.2235295166645, -29.04782619111348, -29.15349439562997, -28.8969353466298, -29.098566819954108, -28.877317959654835, -28.971487997139086, -29.04905617163827, -29.18749623662504, -29.218546950642335, -28.920389959937893], "TotalScore": -2255.7904168751556, "NumberOfGames": 78, "MaxScore": 0.29999882727861404}