{"Scores": [-39.49320133891888, -35.12680063059088, -16.559401395497844, -32.83350153488573, -34.107100390130654, -31.365500712417997, -30.759200236061588, -33.626001290394925, -31.65910118597094, -34.18490071850829, -30.607801162987016, -31.96580071374774, -38.92730132280849, -21.80000029504299, -27.39999980479479, -43.900000140070915, -42.599999614059925, -17.799999877810478, -41.09999933093786, -35.2000000923872, -34.10000001639128, -45.50000070780516, -40.89999930560589], "MeanScores": [-39.49320133891888, -37.31000098475488, -30.393134455002535, -31.003226224973332, -31.624001058004797, -31.580917667073663, -31.46352946264337, -31.73383844111231, -31.72553430165216, -31.97147094333777, -31.847500963305887, -31.857359275842708, -32.40120097176315, -31.643972351997427, -31.361040848850582, -32.144725804551854, -32.759741910993505, -31.928645131372225, -32.411347983980946, -32.550780589401256, -32.62455294306745, -33.20980056873734, -33.54415703555772], "TotalScore": -771.5156118178274, "NumberOfGames": 23, "MaxScore": -16.559401395497844}