{"Scores": [-89.90309809427708], "Actions": [], "MeanScores": [-89.90309809427708], "TotalScore": -89.90309809427708, "NumberOfGames": 1, "MaxScore": -89.90309809427708}