{"Scores": [0.0, 0.0, 0.0, 0.0, 0.0, 0.0, 0.0, 0.0, 0.0, 0.0, 0.0, 0.0, 0.0, 0.0, 0.0, 0.0, 0.0, 0.0, 0.0, 0.0, 0.0, 0.0, 0.0, 0.0, 0.0, 0.0, 0.0, 0.0, 0.0, 0.0, 0.0, 0.0, 0.0, 0.0, 0.0, 0.0, 0.0, 0.0, 0.0, 0.0, 0.0, 0.0, 0.0, 0.0, -9.999999747378752e-05, 0.0, 0.0, 0.0, 0.0, 0.0, 0.0, 0.0, 0.0, 0.0, 0.0, 0.0, 0.0, 0.0, -9.999999747378752e-05, 0.0, 0.0, 0.0, 0.0, 0.0, 0.0, 0.0, 0.0, 0.0, 0.0, 0.0, 0.0, 0.0, 0.0, 0.0, 0.0, 0.0, 0.0, 0.0, 0.0, 0.0, 0.0, 0.0, 0.0, 0.0, 0.0, 0.0, 0.0, 0.0, 0.0, 0.0, 0.0, 0.0, 0.0, 0.0, 0.0, 0.0, 0.0, 0.0, 0.0, 0.0, 0.0, 0.0, 0.0, 0.0, 0.0, 0.0, 0.0, 0.0, 0.0, 0.0, 0.0, 0.0, 0.0, 0.0, 0.0, 0.0, 0.0, 0.0, 0.0, 0.0], "MeanScores": [0.0, 0.0, 0.0, 0.0, 0.0, 0.0, 0.0, 0.0, 0.0, 0.0, 0.0, 0.0, 0.0, 0.0, 0.0, 0.0, 0.0, 0.0, 0.0, 0.0, 0.0, 0.0, 0.0, 0.0, 0.0, 0.0, 0.0, 0.0, 0.0, 0.0, 0.0, 0.0, 0.0, 0.0, 0.0, 0.0, 0.0, 0.0, 0.0, 0.0, 0.0, 0.0, 0.0, 0.0, -2.222222166084167e-06, -2.1739129885605983e-06, -2.1276595207188833e-06, -2.0833332807039064e-06, -2.0408162749752555e-06, -1.9999999494757505e-06, -1.9607842641919123e-06, -1.9230768744959137e-06, -1.8867924051658022e-06, -1.8518518050701392e-06, -1.8181817722506821e-06, -1.7857142406033484e-06, -1.7543859205927634e-06, -1.724137887479095e-06, -3.3898304228402547e-06, -3.3333332491262504e-06, -3.278688441763525e-06, -3.225806370122178e-06, -3.174603094405953e-06, -3.12499992105586e-06, -3.076922999193462e-06, -3.030302953751137e-06, -2.985074551456344e-06, -2.941176396287868e-06, -2.898550651414131e-06, -2.8571427849653574e-06, -2.816901337289789e-06, -2.777777707605209e-06, -2.7397259581859595e-06, -2.7027026344266895e-06, -2.6666665993010002e-06, -2.6315788808891453e-06, -2.597402531786689e-06, -2.564102499327885e-06, -2.531645505665507e-06, -2.499999936844688e-06, -2.469135740093519e-06, -2.439024328628964e-06, -2.4096384933442773e-06, -2.380952320804465e-06, -2.3529411170302945e-06, -2.3255813365997098e-06, -2.2988505166387935e-06, -2.2727272153133526e-06, -2.247190954467135e-06, -2.222222166084167e-06, -2.197802142281044e-06, -2.1739129885605983e-06, -2.150537580081452e-06, -2.1276595207188833e-06, -2.1052631047113162e-06, -2.0833332807039064e-06, -2.0618556180162375e-06, -2.0408162749752555e-06, -2.0202019691674245e-06, -1.9999999494757505e-06, -1.980197969777971e-06, -1.9607842641919123e-06, -1.9417475237628642e-06, -1.9230768744959137e-06, -1.9047618566435717e-06, -1.8867924051658022e-06, -1.869158831285748e-06, -1.8518518050701392e-06, -1.8348623389685783e-06, -1.8181817722506821e-06, -1.8018017562844598e-06, -1.7857142406033484e-06, -1.7699114597130535e-06, -1.7543859205927634e-06, -1.7391303908484785e-06, -1.724137887479095e-06, -1.70940166621859e-06, -1.6949152114201274e-06, -1.6806722264502104e-06, -1.6666666245631252e-06], "TotalScore": -0.00019999999494757503, "NumberOfGames": 120, "MaxScore": 0.0}